5094,-586,16155,-67,-31,5
5094,-587,16157,-65,-33,10
5094,-590,16158,-67,-30,7
5093,-590,16156,-66,-31,3
5094,-587,16159,-61,-34,3
5096,-584,16153,-66,-31,2
5094,-584,16150,-67,-30,6
5098,-590,16156,-63,-31,10
5096,-588,16160,-65,-28,5
5094,-591,16156,-64,-30,1
5092,-578,16151,-66,-34,3
5104,-585,16148,-70,-28,5
5094,-583,16147,-71,-29,8
5090,-583,16154,-66,-31,9
5087,-582,16150,-68,-32,4
5084,-581,16147,-64,-33,2
5085,-576,16145,-64,-34,6
5083,-573,16140,-71,-31,7
5080,-575,16147,-68,-34,9
5080,-575,16149,-65,-35,7
5085,-575,16142,-66,-32,1
5080,-570,16140,-63,-32,3
5083,-568,16142,-64,-32,7
5085,-569,16139,-69,-28,9
5081,-570,16141,-63,-29,8
5079,-568,16142,-62,-30,5
5082,-570,16141,-66,-29,0
5078,-570,16141,-64,-29,4
5076,-571,16146,-67,-28,8
5075,-572,16145,-72,-26,7
5071,-572,16148,-67,-30,5
5074,-571,16145,-67,-29,1
5075,-571,16140,-70,-27,0
5073,-569,16142,-68,-29,7
5075,-571,16145,-70,-27,10
5075,-576,16143,-71,-26,6
5071,-575,16145,-65,-31,3
5075,-573,16142,-66,-30,0
5075,-571,16135,-70,-27,2
5074,-568,16138,-68,-30,8
5076,-572,16146,-71,-30,7
5074,-574,16144,-70,-29,2
5072,-569,16149,-65,-32,1
5074,-565,16150,-69,-30,1
5076,-565,16149,-71,-28,5
5075,-566,16155,-68,-30,10
5076,-569,16159,-70,-30,6
5077,-571,16153,-68,-31,0
5078,-566,16155,-65,-33,1
5080,-566,16154,-70,-30,5
5079,-569,16153,-71,-29,8
5076,-573,16161,-66,-33,8
5079,-576,16159,-68,-33,1
5081,-575,16157,-64,-33,-2
5077,-569,16159,-64,-33,2
5081,-571,16161,-72,-29,7
5077,-573,16159,-72,-31,7
5079,-574,16161,-67,-33,4
5084,-572,16154,-70,-31,0
5087,-570,16139,-68,-29,1
5081,-567,16147,-68,-27,7
5078,-571,16156,-75,-24,8
5073,-566,16153,-74,-28,4
5078,-569,16158,-68,-31,0
5073,-563,16152,-74,-30,-4
5070,-559,16146,-73,-31,1
5067,-554,16148,-74,-32,8
5067,-560,16150,-77,-29,5
5065,-559,16143,-72,-32,2
5073,-564,16141,-68,-33,0
5074,-561,16133,-72,-30,0
5078,-565,16133,-70,-30,6
5079,-568,16140,-70,-30,11
5086,-576,16135,-71,-27,6
5084,-578,16144,-64,-30,2
5087,-580,16153,-66,-30,0
5085,-579,16152,-74,-29,0
5081,-577,16158,-73,-31,6
5082,-577,16163,-74,-34,5
5076,-579,16161,-77,-36,0
5076,-574,16159,-71,-40,0
5079,-567,16154,-74,-40,1
5077,-566,16144,-78,-39,4
5084,-568,16139,-72,-39,8
5082,-570,16151,-69,-38,5
5083,-582,16155,-67,-38,0
5084,-580,16162,-62,-39,2
5087,-581,16166,-66,-37,5
5083,-580,16164,-70,-37,7
5080,-582,16176,-66,-40,8
5082,-581,16177,-69,-40,3
5081,-580,16171,-71,-41,0
5083,-579,16168,-66,-43,3
5087,-581,16167,-71,-40,3
5086,-583,16166,-72,-39,4
5086,-585,16173,-66,-40,5
5088,-586,16172,-67,-39,0
5086,-582,16167,-67,-41,0
5089,-582,16168,-65,-42,5
5090,-583,16164,-71,-38,7
5092,-586,16163,-70,-39,8
5096,-589,16170,-65,-41,8
5097,-593,16170,-68,-38,3
5095,-589,16163,-67,-38,3
5096,-590,16168,-66,-37,8
5094,-593,16166,-71,-34,8
5091,-595,16167,-68,-34,7
5091,-592,16172,-64,-37,3
5090,-589,16168,-69,-35,0
5087,-583,16165,-70,-35,1
5088,-580,16168,-70,-36,7
5086,-585,16167,-75,-35,5
5087,-589,16165,-70,-38,3
5089,-585,16169,-67,-41,0
5100,-585,16156,-73,-41,0
5104,-585,16147,-70,-40,6
5104,-589,16163,-66,-39,11
5102,-594,16170,-66,-36,7
5098,-599,16174,-59,-38,3
5099,-596,16181,-58,-38,1
5099,-592,16178,-65,-35,3
5093,-593,16183,-63,-36,8
5090,-592,16190,-65,-37,7
5087,-594,16190,-68,-36,1
5085,-591,16187,-62,-38,0
5086,-584,16183,-64,-36,1
5094,-590,16181,-69,-32,4
5088,-588,16187,-66,-33,9
5092,-594,16190,-67,-32,5
5089,-590,16179,-69,-31,0
5093,-587,16177,-65,-34,0
5095,-582,16174,-69,-31,4
5095,-584,16170,-71,-27,7
5092,-583,16174,-67,-30,9
5096,-588,16173,-66,-31,3
5093,-586,16165,-66,-29,0
5097,-586,16174,-62,-31,2
5098,-585,16175,-69,-30,5
5095,-587,16178,-70,-29,6
5092,-586,16185,-66,-32,5
5091,-588,16182,-69,-31,0
5092,-587,16170,-69,-31,0
5092,-582,16174,-67,-31,6
5095,-585,16171,-73,-29,8
5096,-591,16173,-71,-30,6
5096,-593,16173,-64,-32,3
5097,-587,16168,-66,-30,0
5095,-586,16172,-66,-30,2
5094,-583,16178,-65,-31,7
5094,-586,16175,-70,-28,6
5089,-588,16177,-66,-30,3
5091,-587,16181,-61,-33,0
5091,-583,16173,-68,-31,0
5094,-586,16169,-68,-31,5
5097,-587,16174,-66,-32,10
5097,-591,16180,-69,-29,5
5094,-592,16183,-63,-32,2
5093,-588,16184,-60,-34,0
5091,-586,16181,-67,-30,1
5090,-584,16178,-66,-31,7
5091,-585,16185,-64,-31,8
5089,-585,16186,-67,-30,0
5084,-581,16188,-64,-34,-3
5088,-576,16190,-63,-35,0
5086,-574,16183,-70,-31,3
5083,-570,16187,-69,-33,8
5088,-573,16191,-67,-36,8
5090,-574,16185,-68,-35,1
5090,-573,16187,-64,-36,1
5093,-570,16191,-66,-35,4
5093,-573,16190,-70,-32,6
5086,-574,16193,-65,-33,7
5090,-575,16197,-63,-34,3
5087,-573,16191,-65,-33,-1
5084,-568,16190,-62,-33,1
5087,-568,16191,-66,-31,6
5085,-572,16189,-70,-30,7
5084,-574,16194,-64,-32,6
5085,-574,16193,-65,-32,1
5086,-575,16189,-66,-29,0
5081,-569,16195,-64,-29,5
5080,-568,16199,-70,-27,7
5077,-570,16190,-73,-27,5
5081,-570,16188,-67,-30,2
5083,-564,16184,-69,-29,-1
5089,-565,16173,-72,-26,0
5090,-563,16171,-69,-27,7
5095,-568,16182,-70,-24,8
5095,-571,16181,-68,-25,4
5093,-570,16186,-62,-29,2
5091,-568,16182,-67,-27,0
5089,-566,16175,-70,-27,5
5086,-565,16179,-67,-28,11
5083,-570,16193,-69,-24,7
5069,-561,16192,-69,-28,2
5083,-561,16180,-68,-30,2
5091,-558,16168,-73,-25,2
5088,-562,16170,-74,-24,6
5084,-556,16174,-73,-28,9
5089,-562,16176,-74,-27,3
5084,-558,16175,-69,-30,0
5087,-555,16177,-67,-31,3
5089,-555,16174,-73,-28,6
5084,-555,16179,-72,-29,9
5082,-555,16180,-70,-32,9
5085,-560,16182,-71,-32,1
5079,-557,16186,-68,-33,0
5079,-553,16186,-68,-33,3
5079,-552,16182,-74,-32,7
5076,-554,16180,-70,-35,9
5076,-554,16187,-67,-37,6
5076,-552,16186,-68,-35,0
5072,-546,16180,-65,-38,0
5076,-544,16178,-67,-36,6
5078,-546,16180,-72,-32,8
5072,-548,16186,-67,-35,8
5074,-550,16193,-65,-35,4
5074,-551,16186,-68,-33,0
5073,-547,16185,-66,-36,5
5075,-548,16185,-71,-34,9
5075,-552,16180,-74,-31,8
5073,-553,16188,-68,-35,6
5080,-554,16189,-67,-35,0
5079,-549,16180,-69,-34,0
5081,-547,16178,-66,-33,8
5081,-547,16180,-69,-32,10
5080,-552,16180,-70,-30,6
5081,-552,16179,-65,-33,4
5083,-554,16179,-67,-31,1
5080,-551,16171,-70,-28,3
5078,-548,16175,-68,-28,10
5083,-553,16178,-72,-28,10
5081,-556,16178,-70,-28,4
5081,-553,16181,-64,-31,3
5081,-549,16173,-68,-29,2
5083,-548,16166,-71,-27,6
5081,-548,16173,-68,-28,10
5083,-550,16176,-69,-28,6
5082,-549,16173,-67,-30,0
5082,-546,16169,-63,-31,1
5085,-544,16161,-69,-28,3
5083,-547,16153,-70,-28,7
5084,-549,16157,-66,-29,10
5082,-553,16160,-69,-27,5
5080,-554,16156,-66,-29,2
5080,-547,16159,-64,-29,5
5080,-548,16156,-71,-25,6
5078,-550,16160,-71,-26,8
5077,-549,16166,-68,-30,6
5079,-548,16161,-70,-28,0
5079,-546,16157,-69,-30,0
5089,-549,16162,-68,-33,4
5089,-548,16151,-75,-32,6
5089,-556,16155,-68,-32,8
5089,-556,16163,-62,-34,8
5092,-563,16166,-64,-30,2
5086,-561,16164,-62,-32,4
5090,-562,16169,-63,-32,9
5087,-562,16168,-68,-28,7
5082,-561,16171,-65,-31,5
5084,-557,16167,-64,-33,2
5088,-559,16165,-67,-31,0
5091,-559,16161,-65,-32,4
5093,-557,16161,-64,-31,9
5085,-559,16167,-66,-30,8
5077,-557,16175,-63,-33,5
5083,-557,16172,-63,-33,4
5084,-559,16157,-68,-30,5
5082,-559,16160,-65,-29,9
5083,-561,16164,-67,-29,11
5086,-568,16164,-69,-27,6
5087,-567,16162,-62,-29,5
5092,-565,16169,-63,-27,5
5088,-567,16166,-68,-26,5
5086,-565,16171,-65,-28,9
5085,-565,16177,-68,-27,5
5082,-568,16175,-69,-28,1
5079,-565,16175,-64,-32,1
5078,-560,16171,-68,-31,3
5076,-556,16171,-71,-29,6
5074,-557,16177,-67,-32,9
5078,-565,16180,-67,-32,4
5075,-563,16172,-67,-33,0
5076,-560,16170,-63,-36,3
5078,-561,16169,-68,-33,5
5077,-565,16167,-69,-32,8
5077,-565,16172,-63,-35,7
5080,-567,16168,-64,-34,1
5079,-564,16162,-63,-34,0
5082,-559,16160,-63,-35,6
5085,-563,16162,-68,-31,8
5081,-566,16169,-67,-32,8
5085,-567,16172,-62,-35,6
5088,-565,16167,-65,-34,0
5120,-589,16063,-19,35,35
5365,-968,16293,303,363,-214
5692,-1184,16726,186,132,-570
5936,-1229,16957,-345,-299,-567
5994,-1183,16980,-934,-764,-406
5926,-1023,17018,-1104,-1173,-1032
5923,-579,16868,-695,-1453,-1474
6027,-497,16882,-425,-1706,-1522
6106,-679,16990,-472,-2016,-1469
6146,-910,17070,-652,-2457,-1700
6100,-941,17050,-842,-2852,-2078
6053,-767,17016,-930,-3166,-2387
6058,-556,17027,-868,-3481,-2531
6074,-478,17071,-709,-3831,-2580
6091,-525,17101,-601,-4175,-2617
6112,-582,17129,-599,-4491,-2663
6129,-578,17171,-665,-4794,-2677
6148,-539,17205,-752,-5090,-2620
6188,-507,17232,-842,-5396,-2495
6243,-513,17248,-931,-5726,-2356
6287,-517,17240,-1031,-6073,-2226
6334,-513,17205,-1136,-6407,-2096
6427,-503,17131,-1208,-6725,-1968
6545,-439,17059,-1246,-7027,-1773
6636,-458,17063,-1294,-7348,-1568
6753,-491,17095,-1349,-7718,-1412
6864,-541,17127,-1412,-8117,-1313
6986,-584,17128,-1474,-8534,-1290
7115,-611,17115,-1565,-8969,-1284
7187,-537,17162,-1647,-9438,-1208
7246,-496,17161,-1688,-9919,-1091
7278,-541,17133,-1742,-10368,-970
7325,-632,17082,-1826,-10808,-898
7366,-643,17049,-1875,-11249,-858
7435,-633,16994,-1909,-11653,-771
7546,-724,16941,-1894,-12077,-776
7665,-814,16950,-1829,-12518,-907
7780,-861,16988,-1858,-12992,-1025
7847,-867,17003,-1981,-13472,-1069
7907,-880,16927,-2143,-13950,-1115
7980,-881,16770,-2237,-14423,-1212
8053,-865,16586,-2349,-14788,-1242
8177,-931,16448,-2450,-15134,-1339
8337,-938,16360,-2465,-15532,-1511
8495,-945,16258,-2537,-15962,-1607
8663,-924,16128,-2603,-16414,-1639
8810,-854,15982,-2631,-16885,-1553
8876,-875,15828,-2610,-17333,-1448
8939,-990,15677,-2586,-17758,-1452
9000,-1042,15559,-2653,-18125,-1457
9059,-1014,15422,-2790,-18418,-1346
9151,-1021,15321,-2896,-18741,-1205
9204,-1076,15171,-2955,-19041,-1105
9262,-1155,14968,-3027,-19294,-1065
9368,-1239,14767,-3099,-19500,-1107
9558,-1294,14559,-3137,-19708,-1195
9755,-1328,14396,-3143,-19949,-1306
9946,-1392,14308,-3151,-20278,-1439
10122,-1441,14201,-3103,-20702,-1629
10263,-1471,14046,-3131,-21154,-1730
10364,-1497,13835,-3162,-21626,-1816
10424,-1556,13530,-3176,-22015,-1939
10482,-1608,13248,-3242,-22313,-2071
10601,-1634,13067,-3276,-22639,-2225
10709,-1605,12866,-3292,-22960,-2354
10798,-1582,12572,-3273,-23253,-2460
10877,-1621,12340,-3255,-23560,-2575
10947,-1632,12105,-3254,-23883,-2696
10972,-1647,11838,-3319,-24157,-2760
10986,-1670,11534,-3382,-24356,-2843
11000,-1680,11193,-3441,-24443,-2942
11023,-1667,10852,-3557,-24435,-2981
11120,-1675,10497,-3673,-24378,-3045
11247,-1691,10107,-3808,-24276,-3139
11373,-1672,9734,-3966,-24143,-3236
11498,-1664,9377,-4082,-24020,-3388
11630,-1645,9079,-4179,-23900,-3580
11765,-1629,8806,-4312,-23846,-3768
11875,-1657,8525,-4498,-23853,-3976
11968,-1683,8191,-4788,-23876,-4176
11999,-1671,7856,-5158,-23862,-4342
12027,-1660,7541,-5517,-23779,-4548
12105,-1622,7203,-5831,-23634,-4759
12215,-1609,6907,-6109,-23489,-4982
12297,-1613,6659,-6374,-23346,-5232
12386,-1595,6418,-6592,-23192,-5527
12519,-1549,6113,-6793,-23015,-5831
12645,-1475,5798,-6969,-22796,-6122
12795,-1354,5460,-7131,-22511,-6357
12939,-1251,5110,-7306,-22194,-6546
13063,-1187,4734,-7533,-21823,-6724
13173,-1067,4377,-7733,-21372,-6933
13310,-938,4063,-7910,-20879,-7108
13442,-814,3785,-8066,-20380,-7255
13520,-709,3563,-8238,-19885,-7365
13606,-665,3271,-8429,-19345,-7511
13705,-561,2988,-8585,-18784,-7704
13816,-447,2780,-8718,-18243,-7888
13922,-357,2627,-8860,-17745,-8049
14029,-316,2498,-9073,-17311,-8209
14154,-216,2314,-9251,-16925,-8441
14277,-91,2128,-9530,-16568,-8577
14373,56,1959,-9782,-16247,-8731
14519,228,1714,-9969,-15922,-8899
14676,416,1479,-10213,-15605,-8970
14818,556,1255,-10425,-15293,-9051
14952,742,1015,-10589,-14959,-9125
15085,943,774,-10679,-14603,-9154
15195,1060,604,-10816,-14228,-9086
15260,1172,423,-10950,-13810,-9030
15279,1252,343,-11176,-13351,-8913
15323,1370,232,-11257,-12889,-8925
15375,1459,178,-11427,-12438,-8790
15358,1551,-36,-11695,-11903,-8589
15328,1608,-197,-11961,-11237,-8402
15328,1705,-286,-12141,-10565,-8283
15322,1780,-422,-12352,-9870,-8145
15346,1876,-545,-12453,-9160,-8091
15388,1981,-650,-12565,-8456,-8012
15439,2087,-763,-12624,-7768,-7981
15501,2220,-876,-12660,-7089,-7941
15582,2326,-951,-12681,-6438,-7905
15663,2455,-1008,-12698,-5849,-7877
15727,2575,-1071,-12715,-5295,-7846
15778,2680,-1117,-12717,-4776,-7834
15806,2791,-1158,-12691,-4274,-7837
15808,2906,-1191,-12655,-3752,-7820
15803,3008,-1179,-12624,-3222,-7765
15766,3061,-1166,-12620,-2657,-7712
15729,3134,-1145,-12643,-2048,-7633
15696,3219,-1133,-12693,-1397,-7508
15667,3315,-1128,-12745,-692,-7346
15671,3425,-1131,-12794,45,-7150
15697,3549,-1125,-12833,798,-6925
15737,3666,-1097,-12837,1536,-6705
15783,3776,-1057,-12805,2232,-6513
15837,3910,-1021,-12734,2885,-6332
15880,4042,-985,-12625,3499,-6148
15897,4165,-945,-12478,4095,-5969
15897,4273,-876,-12305,4682,-5782
15879,4374,-796,-12108,5267,-5586
15836,4465,-711,-11897,5872,-5371
15791,4547,-600,-11693,6495,-5127
15736,4624,-497,-11482,7139,-4861
15685,4697,-392,-11255,7810,-4591
15648,4775,-266,-11026,8491,-4311
15621,4825,-117,-10804,9165,-4053
15618,4907,31,-10579,9821,-3805
15643,5016,193,-10329,10443,-3531
15684,5094,393,-10070,11017,-3239
15721,5145,629,-9811,11535,-2956
15748,5180,899,-9577,11986,-2672
15764,5208,1169,-9347,12396,-2400
15782,5252,1446,-9127,12791,-2109
15810,5282,1750,-8940,13156,-1780
15834,5312,2030,-8763,13494,-1448
15864,5360,2295,-8588,13806,-1102
15891,5415,2543,-8419,14084,-733
15909,5474,2767,-8229,14325,-369
15918,5524,2973,-8041,14541,0
15921,5600,3143,-7816,14721,357
15918,5696,3315,-7536,14878,746
15896,5750,3499,-7178,14983,1095
15840,5776,3645,-6798,15047,1419
15749,5807,3764,-6385,15130,1716
15663,5829,3914,-5956,15216,2012
15572,5835,4105,-5510,15309,2330
15481,5784,4353,-5076,15378,2632
15386,5734,4614,-4648,15444,2906
15293,5684,4871,-4276,15496,3202
15197,5631,5116,-3947,15547,3504
15131,5602,5363,-3663,15604,3821
15088,5642,5533,-3394,15648,4161
15012,5687,5700,-3066,15784,4560
14982,5634,5921,-2778,15865,4928
14995,5651,6123,-2480,15889,5280
14963,5642,6298,-2183,15883,5658
14893,5624,6523,-1834,15852,6007
14819,5563,6752,-1512,15756,6338
14715,5513,6930,-1149,15645,6615
14595,5448,7142,-837,15550,6905
14490,5409,7357,-519,15446,7186
14389,5329,7578,-243,15318,7475
14312,5192,7785,-61,15142,7700
14227,5153,7970,151,14970,7873
14185,5135,8212,384,14759,8095
14136,5080,8451,629,14525,8314
14101,5031,8693,838,14301,8538
14116,5032,8882,1017,14080,8813
14189,5027,9066,1194,13824,9117
14322,5024,9277,1476,13471,9308
14418,5012,9498,1812,13006,9417
14471,5003,9695,2104,12508,9526
14453,4975,9864,2383,11998,9628
14374,4947,10087,2640,11464,9733
14244,4886,10228,2875,10937,9823
14100,4830,10381,3103,10441,9953
13972,4733,10488,3271,9902,10106
13837,4672,10551,3420,9388,10255
13695,4588,10572,3524,8960,10410
13632,4522,10648,3599,8539,10516
13613,4465,10718,3658,8087,10602
13609,4414,10762,3720,7618,10631
13664,4393,10799,3798,7151,10629
13755,4415,10915,3977,6694,10572
13842,4453,11069,4201,6199,10553
13843,4472,11264,4357,5692,10708
13821,4431,11341,4534,5155,10842
13809,4297,11500,4669,4631,10917
13779,4250,11610,4879,4070,10918
13755,4157,11752,4895,3523,11087
13725,4112,11811,4936,2965,11228
13678,4043,11885,4983,2371,11371
13618,3957,11872,4865,1838,11634
13499,3829,11903,4900,1324,11720
13426,3802,11826,4976,780,11813
13354,3702,11778,5031,224,11930
13270,3556,11657,4936,-236,12070
13242,3443,11557,4934,-683,12094
13227,3361,11494,4943,-1137,12111
13216,3250,11433,4980,-1599,12102
13187,3121,11410,4956,-2026,12076
13200,3044,11380,4947,-2435,12054
13189,2971,11350,4855,-2833,12133
13170,2842,11346,4755,-3224,12163
13167,2752,11314,4696,-3590,12149
13124,2659,11219,4602,-3904,12220
13118,2521,11139,4492,-4201,12233
13135,2369,11109,4422,-4546,12144
13126,2255,11008,4341,-4851,12057
13134,2139,10909,4253,-5103,11970
13168,2053,10827,4188,-5383,11854
13241,1985,10723,4131,-5648,11758
13336,1892,10613,4100,-5892,11665
13484,1784,10591,4049,-6165,11537
13619,1705,10570,3997,-6561,11398
13687,1617,10493,3939,-6953,11274
13694,1482,10435,3865,-7340,11100
13670,1418,10347,3854,-7646,10912
13655,1316,10241,3717,-7918,10792
13642,1219,10096,3556,-8143,10657
13648,1129,9938,3377,-8287,10542
13695,1027,9804,3191,-8382,10421
13761,950,9697,2968,-8508,10316
13813,866,9509,2742,-8603,10215
13892,778,9316,2525,-8684,10100
13997,685,9129,2312,-8770,9960
14108,580,8976,2100,-8894,9780
14210,499,8840,1884,-9068,9576
14275,436,8682,1665,-9255,9392
14299,348,8519,1436,-9429,9216
14315,247,8331,1200,-9573,9018
14270,168,8165,944,-9625,8851
14339,21,7984,666,-9718,8599
14330,-4,7727,434,-9748,8295
14337,-24,7497,245,-9711,8058
14372,-96,7346,72,-9663,7825
14404,-155,7180,-101,-9621,7580
14426,-207,6989,-265,-9558,7334
14445,-261,6786,-406,-9452,7074
14493,-303,6618,-536,-9317,6817
14568,-332,6458,-673,-9180,6590
14645,-365,6304,-825,-9046,6405
14717,-427,6163,-986,-8910,6216
14777,-495,6036,-1158,-8779,6003
14822,-546,5909,-1343,-8649,5780
14861,-587,5793,-1531,-8525,5563
14898,-639,5658,-1717,-8410,5337
14925,-685,5495,-1893,-8287,5098
14936,-720,5317,-2051,-8141,4850
14946,-767,5177,-2200,-7995,4585
14952,-812,5041,-2345,-7854,4298
14966,-848,4905,-2507,-7712,4007
14995,-888,4755,-2709,-7558,3726
15036,-909,4613,-2903,-7413,3416
15090,-905,4482,-3081,-7273,3100
15148,-884,4356,-3241,-7133,2810
15206,-865,4234,-3382,-6985,2539
15272,-854,4136,-3505,-6849,2272
15337,-847,4061,-3619,-6734,2014
15388,-838,3987,-3740,-6641,1780
15422,-830,3905,-3858,-6542,1573
15441,-840,3817,-3968,-6428,1367
15452,-855,3739,-4083,-6292,1161
15463,-875,3682,-4228,-6145,955
15466,-900,3626,-4416,-5975,756
15479,-901,3570,-4634,-5799,566
15511,-883,3512,-4857,-5637,388
15547,-859,3429,-5105,-5486,243
15567,-842,3317,-5379,-5320,104
15601,-827,3212,-5624,-5152,-88
15628,-780,3101,-5859,-4976,-277
15645,-745,2993,-6078,-4789,-443
15648,-730,2908,-6301,-4576,-596
15654,-717,2848,-6466,-4372,-787
15642,-689,2782,-6625,-4160,-951
15620,-680,2701,-6760,-3911,-1122
15612,-659,2663,-6884,-3647,-1282
15601,-641,2637,-7017,-3378,-1411
15584,-651,2611,-7149,-3092,-1562
15574,-652,2615,-7297,-2803,-1714
15553,-653,2630,-7457,-2517,-1853
15523,-655,2638,-7623,-2225,-1988
15497,-649,2617,-7788,-1908,-2129
15491,-612,2567,-7967,-1547,-2260
15511,-563,2503,-8139,-1165,-2394
15572,-482,2445,-8300,-776,-2532
15659,-381,2393,-8451,-424,-2670
15748,-284,2337,-8563,-118,-2823
15827,-194,2292,-8638,151,-2990
15879,-125,2259,-8692,381,-3173
15895,-64,2220,-8722,602,-3371
15879,-8,2192,-8749,835,-3558
15831,34,2160,-8800,1104,-3716
15780,74,2151,-8845,1400,-3860
15720,125,2148,-8876,1730,-3980
15653,172,2148,-8911,2102,-4046
15583,194,2214,-8943,2495,-4075
15504,190,2303,-8962,2878,-4112
15406,201,2342,-8998,3308,-4135
15332,239,2373,-9052,3815,-4122
15270,288,2362,-9111,4392,-4085
15264,342,2342,-9213,5027,-4033
15238,447,2313,-9334,5737,-3930
15267,545,2383,-9405,6448,-3823
15327,618,2504,-9487,7080,-3685
15468,667,2580,-9559,7531,-3691
15405,962,2453,-9290,8169,-3724
15600,989,2528,-9000,8660,-3739
15684,968,2781,-8915,8918,-3785
15662,1101,2863,-8775,9180,-3831
15615,1186,2936,-8650,9531,-3754
15558,1227,3022,-8536,9933,-3651
15496,1278,3100,-8403,10373,-3569
15435,1328,3194,-8287,10864,-3464
15370,1373,3301,-8190,11378,-3338
15310,1426,3428,-8088,11905,-3205
15254,1487,3566,-7982,12425,-3052
15189,1528,3692,-7857,12935,-2903
15136,1574,3838,-7711,13430,-2766
15083,1615,3983,-7523,13894,-2662
15039,1685,4145,-7299,14351,-2566
15004,1752,4348,-7037,14761,-2460
14968,1797,4574,-6734,15109,-2390
14917,1860,4806,-6409,15418,-2308
14862,1831,5031,-6225,15707,-2124
14758,1819,5319,-6065,15908,-1956
14603,1859,5523,-5859,16163,-1814
14478,1932,5743,-5691,16450,-1578
14386,1964,5990,-5543,16741,-1269
14296,1976,6220,-5392,17011,-963
14211,2015,6447,-5223,17304,-651
14195,2030,6706,-5043,17566,-327
14165,2032,7007,-4837,17757,-45
14173,2041,7274,-4615,17849,197
14174,2059,7508,-4418,17884,475
14135,2047,7720,-4221,17888,745
14049,2043,7958,-4053,17866,1027
13950,2036,8187,-3907,17824,1327
13809,2030,8408,-3744,17762,1613
13625,2034,8599,-3596,17722,1932
13455,1993,8759,-3407,17695,2211
13303,1964,8894,-3210,17690,2466
13130,1947,9050,-3043,17699,2740
12957,1959,9213,-2849,17726,3029
12796,1953,9396,-2634,17772,3339
12662,1919,9584,-2391,17793,3612
12526,1886,9818,-2130,17778,3836
12411,1865,10040,-1824,17730,4009
12334,1818,10208,-1528,17662,4178
12229,1774,10451,-1282,17558,4326
12145,1732,10642,-1087,17447,4467
12043,1734,10845,-881,17301,4595
11920,1738,11066,-665,17132,4739
11796,1726,11228,-441,16965,4861
11678,1703,11374,-250,16799,4991
11539,1680,11565,-71,16628,5106
11415,1681,11741,135,16452,5209
11335,1689,11871,362,16264,5323
11243,1660,12031,558,16062,5471
11118,1600,12212,736,15831,5580
10967,1564,12389,905,15593,5648
10828,1571,12538,1087,15374,5717
10698,1571,12685,1282,15187,5808
10586,1556,12864,1507,15010,5880
10499,1535,13062,1734,14800,5939
10413,1512,13229,1949,14563,5985
10321,1490,13366,2106,14328,6048
10247,1484,13487,2239,14080,6110
10163,1492,13612,2382,13816,6167
10075,1507,13718,2560,13551,6194
10012,1540,13819,2729,13266,6231
9939,1571,13928,2896,12971,6286
9854,1597,14024,3075,12689,6362
9764,1599,14148,3259,12409,6447
9671,1595,14279,3425,12130,6543
9591,1573,14363,3526,11853,6671
9457,1551,14470,3454,11634,6921
9299,1546,14584,3392,11466,7143
9174,1553,14729,3417,11297,7291
9094,1538,14852,3442,11097,7424
9019,1525,14938,3464,10874,7531
8935,1569,14991,3537,10653,7598
8847,1669,15035,3657,10451,7703
8764,1782,15109,3815,10261,7894
8671,1877,15195,4061,10058,8133
8579,1959,15290,4360,9833,8443
8483,1981,15378,4623,9597,8832
8418,1931,15475,4959,9355,9123
8343,1846,15562,5300,9078,9292
8262,1784,15612,5568,8815,9439
8174,1744,15679,5814,8564,9556
8131,1672,15740,6005,8355,9682
8117,1615,15872,6131,8054,9764
8070,1595,15963,6261,7713,9808
8002,1532,15985,6363,7426,9815
7965,1484,16053,6398,7175,9798
7975,1451,16137,6409,6900,9720
8000,1460,16200,6412,6609,9621
8046,1488,16247,6410,6314,9521
8096,1540,16305,6457,6038,9376
8124,1574,16408,6622,5780,9143
8175,1583,16571,6822,5452,8869
8228,1633,16700,7043,5004,8592
8187,1713,16756,7233,4544,8374
8156,1806,16761,7413,4128,8265
8107,1846,16771,7553,3724,8264
8029,1851,16791,7691,3320,8252
7911,1857,16810,7812,2942,8241
7806,1842,16780,7879,2619,8266
7745,1826,16770,7933,2300,8315
7696,1809,16728,7955,1991,8371
7669,1863,16706,8085,1670,8342
7625,1850,16644,8116,1413,8453
7630,1848,16614,8183,1149,8436
7648,1911,16572,8260,873,8414
7661,1996,16496,8356,680,8432
7697,2146,16562,8537,545,8457
7798,2213,16709,8750,367,8510
7925,2210,16851,8925,58,8556
7983,2178,16925,9056,-302,8588
8007,2173,16986,9170,-684,8564
8022,2228,16971,9219,-1034,8609
8036,2256,17001,9279,-1400,8645
8016,2305,17019,9376,-1778,8663
7964,2274,16977,9397,-2130,8718
8002,2249,16913,9428,-2470,8764
7980,2155,16807,9491,-2726,8666
8016,2236,16707,9437,-3102,8650
7995,2329,16549,9518,-3438,8641
8034,2378,16373,9624,-3680,8707
8050,2314,16404,9676,-3922,8783
8028,2315,16375,9680,-4179,8788
8019,2397,16318,9738,-4368,8850
8039,2427,16294,9786,-4585,8991
8040,2411,16212,9805,-4786,9187
8031,2322,16125,9816,-4948,9288
8012,2231,16025,9685,-5043,9358
8034,2237,15956,9622,-5122,9278
8076,2427,15806,9590,-5140,9233
8093,2602,15688,9633,-5113,9374
8162,2641,15632,9836,-5070,9415
8430,2443,15445,10009,-5046,9510
8536,2462,15053,9827,-5235,9320
8598,2374,14893,9812,-5111,9256
8604,2505,14964,9859,-5077,9269
8531,2512,14810,9865,-5016,9497
8607,2036,14808,9848,-4902,9143
8819,2215,14829,9849,-5019,8860
8844,1903,14841,9647,-5254,8517
8861,1959,14686,9554,-5408,8150
8937,2116,14662,9588,-5658,7973
8874,1875,14509,9602,-5776,7649
8974,1889,14377,9518,-5874,7336
9019,1852,14272,9460,-5975,7045
9069,1881,14115,9337,-5963,6773
9163,1899,14057,9234,-5991,6479
9257,1931,13937,9099,-5963,6221
9357,1935,13890,8949,-5933,5970
9444,1961,13836,8803,-5905,5713
9535,2049,13804,8633,-5863,5526
9628,2089,13772,8434,-5852,5366
9724,2104,13704,8234,-5832,5199
9815,2116,13642,8028,-5809,5015
9908,2138,13583,7814,-5791,4822
9994,2162,13506,7616,-5787,4630
10070,2162,13431,7438,-5782,4438
10155,2161,13356,7281,-5772,4259
10211,2155,13331,7130,-5760,4089
10273,2169,13270,6982,-5730,3948
10284,2174,13135,6887,-5693,3704
10342,2196,13150,6761,-5617,3564
10391,2245,13083,6643,-5531,3529
10430,2278,12986,6497,-5463,3475
10438,2214,12935,6352,-5391,3373
10480,2231,12865,6231,-5270,3300
10521,2226,12846,6082,-5176,3225
10558,2221,12799,5942,-5055,3170
10572,2217,12799,5764,-4950,3124
10571,2174,12780,5611,-4831,3056
10578,2139,12766,5419,-4706,2986
10568,2109,12699,5144,-4515,2986
10590,2003,12715,4941,-4313,2897
10627,1995,12720,4657,-4154,2842
10642,1963,12717,4424,-4005,2806
10665,1896,12692,4187,-3854,2753
10713,1757,12736,3910,-3788,2593
10761,1680,12747,3518,-3800,2408
10748,1648,12645,3116,-3740,2188
10773,1587,12561,2612,-3607,1924
10827,1603,12568,2242,-3520,1569
10873,1644,12584,1869,-3500,1277
10890,1660,12563,1562,-3485,978
10893,1665,12526,1225,-3437,724
10907,1643,12504,840,-3352,486
10917,1630,12511,447,-3267,219
10916,1615,12517,43,-3155,-49
10938,1612,12526,-375,-3069,-330
10974,1620,12553,-811,-3005,-602
10984,1624,12558,-1283,-2955,-841
10996,1599,12601,-1797,-2892,-1086
11002,1587,12624,-2284,-2835,-1370
10993,1590,12636,-2808,-2767,-1581
10984,1566,12686,-3315,-2725,-1775
10956,1486,12694,-3792,-2676,-2040
10917,1408,12663,-4349,-2590,-2311
10890,1328,12666,-4935,-2471,-2563
10905,1221,12640,-5583,-2335,-2871
10925,1168,12675,-6211,-2258,-3274
10938,1152,12667,-6879,-2170,-3702
10918,1185,12684,-7528,-2075,-4119
10746,1266,12850,-8105,-2035,-4461
10722,1393,12853,-8590,-1990,-4793
10687,1464,12850,-9043,-1885,-5113
10757,1460,12721,-9441,-1725,-5387
10773,1459,12698,-9854,-1578,-5628
10780,1534,12770,-10120,-1482,-5944
10713,1572,12843,-10458,-1337,-6065
10698,1506,12894,-10823,-1172,-6262
10687,1554,13012,-11070,-1074,-6549
10625,1579,13091,-11369,-954,-6682
10561,1507,13139,-11680,-792,-6827
10519,1444,13216,-11960,-654,-7057
10457,1378,13239,-12218,-536,-7327
10384,1311,13194,-12497,-375,-7697
10360,1266,13093,-12707,-169,-8143
10391,1406,12985,-12904,44,-8447
10424,1486,12917,-13055,258,-8646
10526,1459,12908,-13137,438,-9003
10649,1595,12941,-13140,561,-9414
10754,1729,13002,-13178,681,-9599
10854,1724,13102,-13200,758,-9749
10934,1688,13254,-13259,744,-9959
10983,1691,13326,-13333,671,-10148
10964,1676,13369,-13430,608,-10311
10907,1639,13422,-13551,538,-10491
10844,1635,13436,-13607,473,-10714
10737,1607,13450,-13714,459,-10845
10600,1549,13494,-13820,478,-10996
10447,1480,13513,-13993,546,-11070
10310,1385,13504,-14147,631,-11228
10193,1379,13451,-14263,709,-11442
10128,1390,13340,-14398,830,-11583
10098,1414,13206,-14510,960,-11730
10071,1515,13016,-14542,1146,-11982
10108,1706,12859,-14497,1398,-12201
10186,1913,12747,-14384,1678,-12351
10282,2066,12733,-14189,1951,-12409
10373,2088,12839,-13940,2172,-12467
10437,2046,13018,-13765,2305,-12481
10468,1978,13189,-13650,2366,-12483
10444,1901,13364,-13604,2381,-12474
10379,1844,13499,-13614,2388,-12440
10291,1793,13603,-13645,2401,-12397
10195,1759,13659,-13695,2449,-12343
10098,1738,13705,-13735,2519,-12315
10015,1745,13722,-13778,2607,-12298
9976,1786,13690,-13799,2711,-12278
9949,1849,13633,-13785,2837,-12242
9947,1923,13579,-13720,2965,-12212
9954,1999,13527,-13621,3110,-12179
10013,2086,13485,-13476,3272,-12169
10121,2173,13488,-13311,3427,-12139
10244,2250,13556,-13131,3528,-12074
10351,2298,13660,-12947,3552,-11967
10410,2306,13786,-12770,3533,-11836
10426,2292,13905,-12628,3493,-11654
10413,2241,14041,-12501,3428,-11475
10377,2184,14172,-12408,3350,-11306
10340,2155,14257,-12333,3266,-11148
10300,2155,14316,-12249,3182,-10991
10267,2156,14343,-12152,3101,-10835
10236,2157,14362,-12055,3026,-10679
10212,2168,14376,-11952,2937,-10529
10179,2201,14377,-11845,2843,-10350
10146,2237,14353,-11703,2756,-10157
10119,2266,14333,-11540,2681,-9944
10108,2299,14310,-11357,2607,-9718
10112,2344,14282,-11134,2525,-9486
10116,2392,14252,-10891,2424,-9230
10111,2430,14215,-10599,2312,-8992
10104,2472,14173,-10283,2209,-8739
10093,2522,14117,-9939,2115,-8483
10072,2582,14055,-9573,2039,-8190
10041,2603,14030,-9160,1971,-7907
9987,2608,14005,-8751,1923,-7624
9921,2598,14003,-8349,1908,-7339
9858,2597,14039,-7965,1896,-7047
9794,2610,14102,-7592,1863,-6720
9722,2622,14149,-7235,1821,-6347
9662,2610,14165,-6851,1802,-5982
9621,2609,14173,-6457,1809,-5624
9597,2625,14208,-6047,1823,-5269
9579,2674,14222,-5680,1843,-4848
9594,2717,14237,-5269,1854,-4428
9620,2748,14260,-4829,1858,-4011
9650,2776,14303,-4372,1838,-3604
9667,2803,14352,-3876,1781,-3215
9657,2834,14389,-3350,1719,-2825
9639,2849,14429,-2824,1661,-2426
9544,2816,14561,-2306,1582,-2038
9493,2846,14459,-1733,1565,-1781
9487,2921,14445,-1208,1633,-1388
9494,2916,14469,-702,1688,-971
9498,2915,14520,-196,1701,-583
9467,2901,14587,283,1677,-190
9406,2878,14668,744,1622,175
9324,2912,14750,1190,1530,547
9203,2957,14763,1679,1515,893
9120,2985,14783,2205,1579,1241
9084,2963,14853,2655,1631,1607
9075,2967,14882,2987,1651,2018
9060,2994,14858,3267,1678,2449
9058,3048,14819,3551,1729,2906
9087,3095,14824,3924,1771,3354
9127,3109,14865,4366,1761,3779
9173,3088,14913,4745,1694,4229
9179,3015,14934,4904,1619,4781
9166,2969,14991,4946,1523,5316
9109,2986,15018,4982,1407,5811
9015,3041,14986,5139,1396,6289
8950,3051,15013,5362,1458,6788
8924,2996,15128,5578,1453,7233
8895,2953,15157,5731,1400,7672
8849,2948,15167,5833,1346,8145
8821,2949,15112,5929,1304,8644
8685,2979,15108,5870,1297,9180
8579,3024,15103,5891,1353,9766
8408,3029,15295,6205,1352,10201
8307,2933,15416,6522,1369,10586
8264,2730,15484,6689,1383,10933
8229,2580,15540,6701,1394,11275
8282,2518,15520,6681,1381,11609
8363,2506,15467,6829,1308,11858
8338,2493,15450,7034,1222,12098
8264,2491,15487,7292,1145,12346
8213,2523,15514,7546,1072,12641
8151,2376,15545,7977,932,12662
8144,2219,15411,8217,920,12764
8011,2131,15574,8397,907,12896
7883,2026,15797,8576,879,13036
7869,1839,15870,8689,806,13139
7819,1667,15921,8635,738,13246
7831,1589,15873,8502,724,13310
7861,1676,15808,8364,775,13418
7773,1823,15746,8358,844,13647
7787,1770,15609,8435,1018,14082
7849,1538,15671,8551,1135,14322
7894,1334,15743,8536,1120,14467
7899,1245,15761,8469,1034,14572
7871,1221,15739,8437,944,14714
7826,1165,15699,8475,887,14841
7802,1084,15683,8642,865,14842
7793,984,15698,8862,833,14779
7792,869,15723,9045,786,14710
7812,752,15743,9173,716,14645
7922,574,15561,9170,671,14588
7852,536,15688,9238,575,14503
7812,429,15647,9187,503,14464
7759,314,15650,9267,472,14305
7767,196,15605,9235,476,14199
7786,140,15667,9218,442,14071
7823,80,15670,9223,362,13907
7817,-4,15668,9206,288,13742
7825,-83,15652,9180,228,13535
7829,-113,15632,9157,168,13317
7826,-135,15583,9098,125,13130
7716,-134,15668,8986,139,12996
7755,-120,15586,8945,153,12866
7772,-110,15583,8937,154,12825
7786,-207,15594,8911,142,12788
7789,-347,15607,8837,111,12688
7798,-451,15586,8719,73,12530
7818,-517,15556,8558,39,12384
7841,-567,15508,8384,41,12256
7851,-635,15491,8226,37,12101
7856,-721,15480,8056,39,11923
7871,-798,15484,7874,38,11716
7886,-867,15487,7671,26,11499
7895,-949,15495,7446,8,11265
7896,-1028,15501,7201,-8,11012
7891,-1112,15501,6919,-12,10751
7892,-1189,15495,6618,-4,10472
7882,-1265,15498,6291,30,10186
7892,-1345,15515,5937,67,9896
7905,-1410,15535,5583,87,9576
7924,-1460,15521,5218,94,9242
7925,-1511,15494,4848,108,8908
7922,-1560,15459,4497,130,8537
7912,-1608,15421,4162,155,8140
7876,-1700,15349,3846,198,7702
7867,-1790,15253,3517,318,7229
7881,-1867,15272,3085,434,6812
7900,-1920,15312,2644,513,6349
7931,-1912,15347,2257,547,5842
7970,-1885,15356,1912,566,5400
7983,-1898,15376,1613,574,4983
7974,-1948,15403,1338,576,4549
7947,-1999,15448,1076,569,4088
7894,-2047,15496,800,569,3632
7831,-2089,15553,530,584,3177
7768,-2131,15621,270,604,2717
7710,-2176,15688,11,621,2244
7663,-2218,15728,-270,640,1761
7622,-2245,15757,-586,649,1268
7592,-2244,15747,-922,656,782
7568,-2218,15704,-1245,664,316
7540,-2186,15632,-1541,688,-140
7518,-2164,15542,-1804,724,-617
7516,-2136,15416,-2077,778,-1088
7527,-2103,15279,-2363,847,-1531
7556,-2068,15153,-2656,915,-1945
7620,-1958,15079,-2911,949,-2321
7585,-1919,15031,-3088,947,-2656
7485,-1929,15002,-3202,975,-3034
7357,-1939,14995,-3329,1066,-3382
7222,-1975,15031,-3484,1223,-3697
7117,-2046,15107,-3655,1408,-4044
7031,-2105,15193,-3877,1605,-4392
6942,-2203,15332,-4175,1780,-4736
6851,-2352,15443,-4554,1932,-5165
6743,-2434,15493,-5042,2115,-5631
6650,-2450,15501,-5581,2373,-6113
6638,-2363,15465,-6100,2690,-6572
6719,-2222,15403,-6576,3027,-6966
6861,-2072,15360,-6936,3302,-7386
7007,-1885,15281,-7256,3538,-7689
7143,-1719,15185,-7485,3744,-7932
7242,-1593,15122,-7640,3917,-8143
7294,-1523,15037,-7722,4081,-8406
7333,-1451,14997,-7766,4250,-8668
7374,-1388,15014,-7762,4386,-8912
7352,-1346,15060,-7736,4490,-9113
7317,-1357,15099,-7727,4619,-9268
7272,-1393,15186,-7741,4752,-9401
7240,-1431,15276,-7782,4879,-9523
7213,-1455,15341,-7822,5019,-9651
7176,-1467,15397,-7850,5177,-9794
7154,-1484,15468,-7864,5339,-9958
7159,-1494,15527,-7903,5479,-10123
7192,-1465,15564,-7959,5582,-10278
7227,-1405,15561,-8015,5659,-10395
7259,-1307,15532,-8052,5724,-10460
7285,-1197,15487,-8043,5781,-10486
7300,-1090,15443,-7984,5837,-10473
7302,-1006,15427,-7882,5891,-10416
7284,-989,15455,-7756,5929,-10345
7251,-1030,15522,-7632,5940,-10305
7187,-1090,15626,-7533,5918,-10306
7121,-1131,15714,-7466,5881,-10317
7038,-1137,15796,-7426,5844,-10294
6946,-1140,15865,-7401,5826,-10241
6857,-1161,15911,-7371,5831,-10203
6799,-1172,15943,-7338,5842,-10202
6764,-1144,15950,-7300,5857,-10193
6762,-1085,15933,-7248,5880,-10158
6793,-1023,15918,-7172,5906,-10099
6849,-975,15920,-7064,5915,-10039
6923,-925,15929,-6932,5892,-9983
7003,-884,15947,-6808,5836,-9884
7069,-858,15992,-6657,5735,-9800
7103,-838,16034,-6510,5602,-9708
7107,-814,16073,-6371,5463,-9589
7094,-795,16118,-6216,5320,-9456
7050,-793,16160,-6065,5183,-9304
6989,-806,16216,-5929,5050,-9140
6933,-843,16240,-5825,4924,-8980
6857,-877,16296,-5753,4800,-8823
6777,-885,16350,-5679,4672,-8682
6710,-870,16381,-5594,4545,-8535
6647,-861,16390,-5519,4434,-8371
6604,-848,16380,-5442,4341,-8208
6584,-805,16360,-5356,4263,-8019
6586,-756,16346,-5255,4187,-7795
6596,-729,16335,-5141,4105,-7561
6611,-714,16334,-5009,4002,-7349
6631,-687,16334,-4872,3869,-7139
6651,-653,16320,-4719,3720,-6930
6667,-616,16304,-4542,3562,-6720
6689,-566,16282,-4351,3398,-6494
6701,-514,16257,-4148,3231,-6242
6706,-477,16237,-3931,3065,-5984
6714,-431,16215,-3706,2908,-5700
6712,-402,16224,-3463,2740,-5409
6693,-400,16253,-3225,2575,-5097
6664,-396,16308,-2978,2411,-4792
6641,-402,16366,-2751,2242,-4476
6631,-409,16444,-2516,2052,-4175
6613,-417,16523,-2303,1845,-3871
6617,-435,16591,-2082,1616,-3602
6635,-409,16647,-1868,1363,-3361
6652,-299,16687,-1597,1078,-3122
6648,-155,16693,-1259,788,-2850
6636,30,16621,-832,529,-2533
6613,231,16496,-388,334,-2088
6604,355,16361,109,211,-1574
6625,410,16270,662,116,-1101
6655,431,16220,1176,12,-637
6705,466,16181,1651,-131,-228
6745,572,16112,2100,-282,212
6765,690,16027,2544,-392,729
6782,762,15994,3023,-479,1240
6764,808,16009,3505,-583,1733
6722,834,16008,3931,-677,2244
6675,849,16000,4341,-755,2716
6673,916,15960,4593,-797,3337
6714,944,15839,4726,-812,4063
6631,992,15896,4864,-811,4797
6520,1088,15938,5176,-803,5384
6420,1207,15957,5538,-726,5994
6330,1304,16040,5903,-637,6689
6267,1345,16138,6273,-595,7407
6202,1271,16165,6623,-535,8038
6159,1215,16188,6979,-489,8480
6224,1252,16101,7247,-476,8952
6201,1361,16140,7476,-478,9535
6121,1529,16215,7903,-531,10065
6002,1666,16220,8462,-536,10603
5928,1712,16311,8956,-519,11312
5823,1591,16446,9346,-558,12008
5708,1331,16541,9571,-571,12645
5688,1034,16621,9738,-591,13064
5642,827,16781,9819,-675,13316
5586,716,16874,9859,-774,13469
5544,705,16891,9817,-854,13685
5500,666,16877,9797,-922,13886
5450,590,16850,9827,-957,13981
5419,564,16830,9817,-978,14095
5426,534,16786,9834,-989,14200
5433,447,16784,9852,-1000,14280
5426,337,16783,9840,-1027,14303
5481,257,16741,9814,-1027,14270
5551,207,16745,9780,-1065,14232
5590,141,16735,9753,-1115,14183
5583,61,16786,9704,-1172,14116
5563,0,16846,9609,-1244,14058
5566,-78,16868,9489,-1311,13959
5545,-127,16918,9310,-1395,13866
5503,-154,16923,9120,-1477,13771
5487,-169,16901,8905,-1524,13702
5476,-178,16874,8657,-1560,13673
5460,-199,16824,8518,-1580,13550
5472,-199,16776,8376,-1580,13468
5464,-223,16785,8231,-1584,13406
5466,-260,16776,8110,-1589,13326
5504,-312,16733,7961,-1585,13262
5553,-359,16716,7815,-1596,13190
5545,-424,16711,7681,-1630,13093
5513,-513,16684,7544,-1629,12956
5556,-577,16658,7380,-1614,12810
5584,-627,16681,7201,-1645,12659
5585,-706,16670,7051,-1675,12455
5602,-766,16653,6870,-1695,12239
5622,-811,16635,6698,-1728,11991
5661,-829,16588,6547,-1757,11735
5668,-860,16552,6399,-1783,11492
5688,-909,16511,6234,-1790,11244
5705,-946,16495,6033,-1803,10997
5717,-970,16459,5818,-1817,10751
5727,-981,16425,5655,-1818,10483
5754,-982,16396,5533,-1812,10212
5770,-1007,16385,5436,-1813,9939
5774,-1034,16368,5330,-1805,9680
5777,-1068,16358,5224,-1794,9408
5782,-1108,16348,5102,-1779,9135
5789,-1148,16337,4962,-1756,8858
5799,-1201,16330,4803,-1734,8574
5781,-1281,16283,4662,-1656,8255
5772,-1352,16259,4450,-1552,7934
5810,-1410,16277,4254,-1469,7555
5861,-1483,16281,4015,-1413,7171
5891,-1554,16284,3750,-1374,6762
5911,-1607,16296,3435,-1351,6358
5917,-1636,16296,3105,-1325,5961
5920,-1650,16306,2769,-1298,5582
5920,-1670,16319,2418,-1270,5231
5905,-1710,16339,2078,-1243,4866
5877,-1766,16374,1726,-1225,4482
5833,-1809,16391,1366,-1205,4082
5776,-1839,16401,1011,-1168,3679
5718,-1866,16425,670,-1116,3276
5654,-1907,16470,329,-1071,2852
5588,-1962,16515,-9,-1030,2380
5531,-2004,16543,-357,-976,1901
5476,-2052,16584,-714,-927,1394
5434,-2097,16607,-1066,-882,847
5404,-2111,16637,-1435,-852,312
5345,-2132,16665,-1797,-837,-234
5286,-2169,16683,-2144,-825,-832
5229,-2226,16701,-2513,-822,-1492
5180,-2263,16678,-2974,-804,-2136
5147,-2261,16576,-3493,-749,-2764
5123,-2188,16460,-3974,-655,-3425
5110,-2014,16334,-4356,-526,-4084
5110,-1762,16181,-4635,-355,-4565
5111,-1590,16083,-4786,-163,-4951
5115,-1543,16025,-4880,14,-5333
5085,-1616,16006,-5026,193,-5727
5096,-1716,15938,-5232,402,-6213
5128,-1727,15909,-5507,596,-6694
5183,-1681,15906,-5811,789,-7137
5266,-1609,15864,-6038,971,-7584
5323,-1482,15875,-6268,1129,-7899
5478,-1429,15799,-6399,1299,-8230
5630,-1366,15778,-6475,1417,-8575
5799,-1321,15734,-6556,1508,-8884
5959,-1276,15670,-6627,1561,-9166
6091,-1255,15616,-6708,1586,-9430
6184,-1223,15589,-6801,1591,-9688
6247,-1148,15555,-6872,1569,-9932
6283,-1059,15497,-6942,1563,-10109
6311,-980,15433,-6962,1573,-10275
6317,-896,15397,-6961,1588,-10401
6320,-831,15333,-6937,1633,-10492
6314,-790,15305,-6903,1706,-10572
6323,-751,15283,-6895,1792,-10619
6331,-716,15271,-6887,1881,-10678
6341,-654,15258,-6869,1966,-10734
6342,-589,15242,-6844,2067,-10748
6345,-525,15221,-6807,2188,-10733
6365,-472,15219,-6753,2320,-10704
6393,-436,15234,-6699,2449,-10648
6430,-398,15261,-6598,2562,-10609
6469,-367,15283,-6470,2656,-10572
6494,-355,15311,-6351,2744,-10519
6510,-352,15361,-6249,2817,-10460
6525,-342,15401,-6168,2883,-10392
6539,-326,15439,-6092,2943,-10322
6564,-295,15476,-6002,2992,-10247
6567,-251,15507,-5904,3037,-10153
6561,-233,15529,-5799,3080,-10057
6571,-228,15546,-5690,3132,-9976
6593,-219,15582,-5600,3167,-9887
6595,-209,15619,-5531,3191,-9771
6578,-199,15651,-5462,3214,-9656
6581,-182,15681,-5384,3239,-9540
6576,-157,15723,-5293,3244,-9423
6568,-129,15757,-5194,3237,-9288
6548,-111,15784,-5094,3230,-9134
6535,-112,15782,-4993,3241,-8974
6533,-112,15775,-4896,3270,-8806
6528,-108,15785,-4804,3286,-8650
6526,-102,15785,-4696,3287,-8518
6532,-87,15774,-4566,3292,-8389
6533,-60,15796,-4452,3285,-8208
6521,-49,15817,-4310,3256,-8042
6493,-38,15826,-4170,3225,-7862
6454,-41,15825,-4010,3209,-7684
6410,-59,15835,-3855,3200,-7514
6372,-82,15856,-3727,3203,-7331
6343,-114,15887,-3626,3213,-7146
6323,-148,15906,-3540,3230,-6969
6295,-175,15940,-3469,3230,-6806
6266,-187,15966,-3410,3215,-6645
6234,-189,15971,-3350,3197,-6487
6204,-176,15958,-3273,3187,-6326
6160,-165,15934,-3197,3181,-6156
6132,-147,15901,-3104,3190,-5976
6117,-135,15882,-2998,3200,-5789
6101,-134,15883,-2878,3200,-5602
6090,-144,15898,-2745,3191,-5424
6088,-161,15907,-2608,3172,-5249
6073,-186,15918,-2473,3146,-5081
6036,-215,15923,-2350,3125,-4917
5987,-239,15910,-2237,3114,-4750
5924,-259,15910,-2123,3122,-4599
5873,-268,15901,-2009,3144,-4446
5812,-280,15894,-1912,3172,-4288
5739,-302,15896,-1812,3215,-4145
5673,-322,15899,-1713,3280,-3997
5609,-349,15929,-1639,3363,-3836
5536,-397,15944,-1618,3444,-3668
5458,-461,15949,-1606,3545,-3535
5392,-511,15962,-1631,3667,-3419
5357,-549,15978,-1723,3768,-3304
5315,-569,15996,-1819,3860,-3200
5294,-568,15944,-1895,3953,-3130
5249,-534,15916,-1937,4086,-3047
5249,-490,15919,-1942,4226,-2938
5270,-461,15949,-1887,4323,-2818
5308,-452,15937,-1834,4365,-2690
5346,-452,15885,-1765,4395,-2552
5331,-466,15857,-1658,4400,-2460
5308,-449,15835,-1516,4457,-2365
5575,-280,16295,-1626,4034,-2684
5477,-186,16429,-1604,3776,-2378
5388,-253,16547,-1386,3511,-2280
5260,-175,16427,-1321,3218,-2274
5183,-261,16491,-1212,2927,-2093
5129,-304,16636,-1202,2742,-1954
5074,-365,16672,-1178,2551,-1949
5021,-395,16669,-1136,2396,-1899
4963,-449,16671,-1126,2262,-1774
4892,-502,16656,-1079,2169,-1711
4837,-522,16657,-1046,2101,-1675
4814,-523,16681,-1020,2043,-1633
4804,-522,16678,-989,2004,-1583
4806,-552,16652,-937,1979,-1519
4826,-572,16646,-866,1947,-1531
4843,-584,16632,-866,1976,-1518
4907,-615,16591,-852,1985,-1490
4840,-569,16672,-894,1988,-1589
4803,-494,16641,-1040,2001,-1506
4801,-406,16665,-1012,2004,-1594
4877,-270,16844,-1128,2074,-1501
4973,-145,16872,-1310,2057,-1133
4903,18,16784,-1462,1845,-834
4841,168,16550,-1353,1742,-670
4685,357,16568,-1151,1558,-630
4581,537,16564,-1099,1347,-429
4436,713,16602,-1010,1218,-114
4543,584,16660,-731,1218,181
4423,682,16631,-553,1126,498
4326,704,16804,-352,1067,800
4366,611,16709,-213,1028,1164
4392,433,16837,42,999,1363
4386,395,16734,85,869,1725
4281,388,16797,159,750,1964
4254,309,16629,295,582,2193
4228,259,16887,389,565,2312
4255,114,16966,464,458,2498
4117,72,17081,382,431,2730
4092,-24,16901,471,294,2859
3977,-108,17188,464,250,3035
3950,-158,17267,459,259,3109
3851,-263,17418,397,180,3272
3799,-342,17344,477,219,3235
3759,-419,17348,411,159,3321
3712,-514,17308,442,178,3280
3687,-575,17278,452,150,3250
3691,-578,17293,450,128,3168
3682,-558,17276,451,95,3122
3678,-564,17277,452,83,3082
3680,-565,17294,446,68,3034
3676,-567,17268,445,52,2985
3675,-567,17254,447,37,2943
3670,-564,17237,446,23,2904
3668,-565,17226,446,5,2861
3664,-566,17216,446,-14,2818
3664,-569,17202,443,-28,2777
3661,-568,17182,441,-40,2734
3659,-569,17177,443,-54,2695
3660,-569,17187,440,-66,2657
3657,-567,17177,438,-83,2618
3649,-570,17154,440,-100,2578
3647,-571,17145,438,-113,2539
3650,-573,17135,438,-123,2499
3649,-574,17128,439,-136,2463
3647,-572,17139,438,-150,2428
3650,-574,17130,435,-162,2391
3643,-573,17119,434,-176,2356
3643,-576,17116,433,-185,2321
3645,-576,17107,431,-193,2287
3641,-580,17098,433,-207,2251
3639,-581,17095,432,-221,2218
3645,-581,17092,429,-231,2183
3642,-583,17070,429,-240,2148
3643,-582,17075,428,-250,2118
3649,-581,17077,425,-260,2087
3648,-583,17064,424,-273,2054
3646,-585,17054,423,-285,2024
3650,-585,17043,419,-291,1993
3649,-588,17027,418,-299,1961
3648,-588,17026,418,-311,1931
3650,-588,17031,415,-321,1902
3653,-591,17019,412,-329,1872
3642,-590,16994,411,-339,1843
3642,-588,16986,409,-345,1816
3643,-593,16967,409,-349,1786
3630,-591,16957,409,-364,1758
3640,-595,16954,408,-370,1730
3643,-596,16926,406,-373,1700
3637,-593,16914,405,-379,1673
3648,-598,16926,402,-381,1649
3654,-590,16947,396,-390,1623
3656,-590,16933,394,-399,1597
3652,-595,16911,393,-407,1573
3655,-593,16904,391,-411,1547
3655,-600,16883,393,-415,1520
3656,-598,16896,392,-422,1496
3670,-596,16904,388,-427,1472
3668,-594,16891,385,-433,1447
3667,-592,16883,384,-439,1426
3672,-591,16878,381,-443,1404
3672,-595,16869,380,-449,1380
3672,-598,16864,378,-457,1359
3677,-594,16871,374,-461,1337
3680,-598,16858,372,-463,1313
3679,-598,16850,371,-467,1292
3687,-589,16861,368,-471,1273
3686,-593,16853,366,-476,1250
3687,-593,16840,365,-483,1230
3691,-590,16838,361,-486,1211
3693,-591,16819,359,-487,1188
3695,-592,16815,360,-493,1171
3698,-584,16830,357,-499,1154
3705,-590,16826,353,-501,1128
3709,-585,16808,352,-509,1108
3714,-576,16802,352,-515,1093
3725,-564,16790,349,-519,1074
3729,-549,16772,349,-532,1069
3733,-563,16761,356,-538,1068
3714,-593,16772,353,-532,1057
3709,-591,16766,352,-545,1031
3716,-589,16760,352,-555,1017
3728,-584,16761,349,-551,1002
3731,-587,16754,347,-551,981
3731,-587,16755,343,-558,964
3742,-582,16751,342,-563,951
3746,-585,16726,341,-564,930
3749,-584,16726,339,-558,915
3759,-581,16739,335,-559,903
3762,-581,16727,333,-567,884
3763,-582,16715,331,-571,869
3769,-576,16709,327,-567,858
3776,-573,16704,327,-564,841
3778,-575,16705,326,-567,825
3789,-570,16715,321,-571,813
3799,-568,16707,318,-571,795
3795,-571,16691,316,-571,779
3807,-565,16698,314,-568,769
3812,-564,16696,312,-568,752
3812,-575,16689,312,-571,733
3819,-582,16695,311,-571,721
3822,-582,16686,307,-568,706
3819,-591,16671,307,-565,690
3817,-586,16676,303,-566,683
3828,-575,16687,297,-567,672
3834,-571,16673,294,-569,658
3838,-571,16666,291,-570,649
3847,-570,16648,289,-567,637
3847,-574,16635,288,-564,623
3854,-578,16648,287,-564,610
3863,-579,16647,283,-564,597
3864,-579,16630,281,-564,582
3866,-573,16627,279,-565,574
3875,-563,16623,276,-563,564
3880,-568,16610,275,-561,551
3883,-566,16618,272,-564,542
3896,-561,16619,267,-562,532
3898,-567,16604,265,-559,516
3897,-566,16603,264,-560,511
3909,-557,16617,260,-557,502
3912,-563,16609,259,-554,487
3913,-564,16611,256,-559,480
3924,-552,16612,252,-558,472
3927,-559,16593,251,-552,458
3926,-563,16594,249,-551,451
3938,-551,16612,246,-551,444
3941,-558,16601,244,-549,429
3938,-561,16593,242,-550,421
3950,-550,16590,237,-548,415
3954,-557,16576,237,-542,401
3952,-566,16574,236,-544,395
3966,-554,16588,232,-545,390
3970,-560,16570,230,-541,375
3966,-565,16557,228,-540,369
3975,-552,16564,225,-537,363
3979,-559,16559,225,-533,349
3976,-567,16551,223,-535,345
3986,-554,16566,218,-535,341
3993,-562,16549,217,-530,327
3993,-564,16538,215,-529,325
4004,-552,16550,212,-527,319
4011,-561,16548,212,-525,306
4010,-566,16541,209,-526,301
4019,-550,16545,205,-525,298
4024,-558,16539,204,-519,286
4027,-557,16526,202,-518,284
4034,-541,16540,200,-517,278
4041,-547,16539,198,-514,266
4044,-550,16525,194,-514,262
4050,-534,16527,192,-513,257
4057,-543,16520,193,-508,247
4060,-547,16511,189,-505,243
4064,-534,16518,186,-506,239
4068,-542,16518,185,-503,229
4068,-547,16504,181,-500,225
4070,-535,16502,179,-499,221
4076,-540,16499,180,-495,212
4079,-545,16490,177,-493,207
4082,-538,16497,173,-493,205
4088,-543,16501,172,-490,195
4089,-545,16488,168,-485,192
4090,-537,16495,166,-483,187
4098,-539,16501,166,-481,179
4102,-544,16496,163,-479,173
4107,-534,16499,159,-479,172
4112,-538,16500,160,-476,165
4115,-543,16493,158,-471,161
4120,-537,16493,155,-471,158
4125,-533,16503,155,-470,153
4130,-539,16496,151,-468,147
4132,-533,16485,147,-466,145
4138,-531,16486,147,-461,141
4143,-534,16479,149,-459,138
4150,-530,16474,144,-460,135
4155,-521,16483,143,-455,130
4158,-525,16476,140,-452,126
4158,-519,16464,137,-452,121
4162,-515,16467,139,-449,116
4168,-518,16470,137,-445,111
4171,-519,16466,133,-445,108
4174,-513,16464,133,-444,104
4179,-520,16457,130,-440,100
4181,-518,16447,127,-435,97
4185,-517,16462,129,-435,93
4191,-522,16465,127,-433,88
4194,-521,16453,122,-431,86
4195,-518,16456,123,-429,82
4201,-519,16453,121,-424,80
4202,-519,16443,118,-420,77
4208,-514,16457,119,-422,74
4215,-518,16459,116,-421,69
4218,-517,16444,111,-418,67
4220,-514,16438,110,-416,66
4236,-517,16439,116,-425,50
4245,-510,16426,114,-430,53
4237,-513,16433,109,-429,61
4240,-524,16432,100,-425,64
4244,-528,16411,95,-419,58
4248,-530,16409,105,-418,52
4251,-535,16420,116,-418,39
4262,-530,16410,110,-420,44
4263,-533,16404,114,-416,37
4267,-532,16405,112,-409,36
4269,-530,16395,104,-404,37
4268,-530,16397,108,-402,37
4273,-536,16408,111,-401,28
4278,-534,16394,102,-399,29
4278,-529,16380,100,-397,29
4286,-530,16375,100,-392,30
4292,-534,16366,98,-385,27
4295,-536,16369,104,-385,21
4305,-530,16384,100,-385,21
4309,-533,16373,92,-379,17
4305,-530,16365,90,-375,18
4307,-529,16374,88,-372,19
4309,-532,16372,84,-370,14
4311,-531,16372,90,-371,6
4320,-523,16375,86,-370,6
4326,-523,16367,76,-364,7
4327,-521,16365,74,-360,12
4330,-525,16370,73,-356,12
4333,-530,16366,73,-353,5
4332,-527,16366,79,-356,-2
4338,-524,16363,77,-354,-7
4344,-521,16350,69,-349,-4
4342,-518,16349,68,-346,0
4348,-524,16357,66,-343,0
4353,-524,16350,63,-340,-6
4354,-521,16353,67,-340,-9
4359,-518,16358,64,-338,-9
4361,-517,16346,57,-333,-7
4358,-520,16343,59,-332,-6
4366,-522,16347,59,-330,-10
4371,-522,16340,55,-326,-15
4372,-518,16342,57,-326,-15
4378,-519,16345,53,-321,-13
4383,-519,16332,45,-317,-12
4383,-518,16335,49,-318,-13
4391,-523,16344,50,-317,-18
4394,-523,16339,47,-314,-23
4399,-522,16335,48,-316,-21
4409,-524,16332,47,-311,-18
4414,-527,16330,43,-304,-18
4410,-527,16343,46,-304,-18
4414,-528,16352,47,-303,-22
4417,-527,16344,41,-299,-25
4416,-523,16345,41,-298,-24
4422,-522,16349,39,-295,-23
4425,-525,16344,34,-291,-24
4427,-526,16340,38,-291,-25
4431,-526,16348,39,-289,-28
4431,-523,16338,33,-286,-29
4428,-518,16331,31,-286,-26
4431,-517,16338,29,-283,-25
4434,-518,16334,24,-280,-29
4433,-515,16334,26,-282,-31
4442,-515,16335,26,-280,-32
4447,-517,16332,20,-273,-30
4450,-519,16334,19,-271,-27
4451,-522,16345,21,-269,-27
4449,-524,16342,17,-266,-32
4448,-519,16336,18,-268,-35
4454,-517,16341,16,-266,-33
4457,-517,16338,9,-259,-31
4456,-516,16342,10,-258,-29
4459,-519,16352,13,-258,-32
4466,-520,16349,9,-255,-36
4463,-516,16345,11,-254,-34
4465,-512,16353,9,-251,-29
4468,-515,16349,1,-247,-27
4464,-517,16346,5,-250,-29
4470,-516,16352,7,-248,-37
4477,-513,16342,1,-244,-39
4478,-510,16343,0,-244,-33
4481,-514,16352,-2,-241,-28
4483,-519,16352,-5,-237,-30
4482,-519,16354,-1,-239,-35
4484,-517,16355,-1,-239,-37
4486,-513,16345,-9,-232,-34
4482,-514,16342,-8,-231,-29
4486,-518,16351,-7,-230,-29
4489,-518,16345,-10,-226,-35
4489,-514,16338,-7,-227,-37
4495,-512,16342,-7,-224,-34
4498,-513,16332,-15,-218,-31
4495,-515,16337,-13,-219,-29
4499,-518,16350,-10,-219,-32
4503,-519,16339,-13,-216,-39
4502,-515,16335,-13,-215,-38
4504,-515,16339,-14,-212,-33
4510,-521,16337,-20,-207,-30
4508,-522,16338,-19,-208,-31
4510,-523,16346,-16,-209,-35
4516,-522,16338,-20,-206,-36
4515,-519,16332,-22,-204,-31
4516,-521,16341,-22,-202,-26
4519,-525,16343,-26,-197,-29
